misspelled,correct
'cause,because
0f,of
0me,me
0ne,one
0ones,ones
0ut,out
0ver,over
1'm,i'm
10nth,tenth
10nths,tenths
11o,110
12o,120
12ves,twelfths
13rd,1/3rd
15ns,15ths
15wich,15 which
18dived,18 divided
1can,i can
1divid,i divided
1half,one half
1is,1 is
1left,1 left
1nadd,1 and
1ns,ones
1o,10
1o/15,10/15
1out,1 out
1over,1 over
1quarter,one quarter
1rd,1st
1so,so
1then,1 then
1third,one third
1times,1 times
1tims,times
1twelth,twelfth
1under,1 under
24and,24 and
24by,24 by
24divided,24 divided
24split,24 split
2divided,2 divided
2ix,six
2o,20
2r,24
2rows,2 rows
2there,there
2times,2 times
2to,2 to
2which,2 which
2whichgets,2 which gets
2ys,twos
30and,30 and
3amd9,3 and 9
3and,3 and
3angles,3 angles
3are,3 are
3arent,3 aren't
3but,3 but
3d,3rd
3eights,three eighths
3fd,3rd
3fiths,3 fifths
3ird,third
3is,3 is
3nds,thirds
3nines,3 ninths
3o,30
3of,3 of
3out,3 out
3rds,thirds
3thd,third
3then,3 then
3thrd,third
3times,3 times
3you,3 you
48hours,48 hours
4is,4 is
4r,for
4rows,4 rows
4rs,fours
5and,5 and
5hink,think
5nis,5 is
5so,5 so
5then,5 then
5ths,fifths
5thsis,fifths
6.2mis,6.2 is
6.soething,6. something
6/15v,6/15
60and,60 and
60so,60 so
6divived,6 divided
6of,6 of
6out,6 out
6times,6 times
6which,6 which
6would,6 would
72and,72 and
72left,72 left
8t,it
8ths,eighths
90per,90 per
9and,9 and
9green,9 green
9inths,ninths
9is,9 is
9mini,9 mini
9peices,pieces
9thds,ninths
9thens,ninths
9ths,ninths
9traiangles,9 triangles
9triangles,9 triangles
9ts,ninths
@dd!ng,adding
]s,is
a bout,about
a cross,across
a other,another
a way,away
"a,so",also
a;;,all
aall,all
aan,an
abit,a bit
abiut,about
aboutt,about
abouve,above
accros,across
ach,each
acrualy,actually
actaully,actually
actualky,actually
actuallyy,actually
actualy,actually
actuslly,actually
adab,add
add ed,added
add's,adds
addative,additive
addd,add
addded,added
addedd,added
adden,added
addes,adds
addig,adding
addign,adding
addingg,adding
additionn,addition
addititve,additive
additoin,addition
additon,addition
addss,adds
addtion,addition
aded,added
adeed,added
adked,asked
adn,and
ads,adds
adsume,assume
ae,are
af,of
afractins,fractions
afterr,after
againto,again to
ageb,aged
ageis,ages
agen,again
agian,again
ahaded,shaded
ahd,and
ahev,have
ahppen,happen
aint',ain't
ajd,and
ake,take
akl,all
akmost,almost
al,all
ald,and
alf,half
algabra,algebra
algebric,algebraic
algibria,algebra
aline,align
alk,all
all most,almost
all ready,already
all though,although
all together,altogether
all ways,always
allebra,algebra
allgebra,algebra
alll,all
allrady,already
allready,already
allrede,already
alltogeather,altogether
alltogether,altogether
alltogrthour,altogether
allyogether,altogether
almostt,almost
alot,a lot
als,also
alsoo,also
alsthough,although
althogether,altogether
althougher,although
altigether,altogether
altoger,altogether
altogetherr,altogether
altogher,altogether
altoghether,altogether
altoghrther,altogether
altoghter,altogether
altoghther,altogether
altogther,altogether
alway,always
alwayss,always
amagine,imagine
amd,and
ammount,amount
amongg,among
amont,amount
amountt,amount
amout,amount
amoutns,amounts
amswer,answer
amultiple,a multiple
ana,and
anb,and
ancwer,answer
and3,and 3
and3of,and 3 of
andadd,and add
andbthen,and then
andd,and
andf,and
andgle,angle
andgot,and got
andif,and if
andit,and it
andminus,and minus
andwer,answer
andyour,and your
anegative,a negative
anegativge,negative
anent,aren't
anf,and
ang,and
angain,again
angel,angle
angenst,against
anglee,angle
angless,angles
anglr,angle
annd,and
anolomies,anomalies
anotherr,another
anough,enough
anound,around
ansa,answer
ansaw,answer
ansee,answer
anser,answer
ansera,answer
ansere,answer
ansers,answers
ansew,answer
ansewer,answer
anster,answer
answar,answer
answe,answer
answear,answer
answeerd,answered
answerb,answer
answere,answer
answeredd,answered
answerer,answer
answeris,answer is
answerr,answer
answerrd,answered
answerz,answer
answet,answer
answr,answer
answrr,answer
ant,and
anther,another
anwar,answer
anwer,answer
anwers,answers
anwser,answer
anwseris,answer is
any thing,anything
anythingg,anything
anywayyy,anyway
anyy,any
ao,so
aonyt,any
apartt,apart
apositive,a positive
appart,apart
appen,happen
applird,applied
approxmatlly,approximately
apropiout,appropriate
apropriate,appropriate
aquivalent,equivalent
ar'e,are
ara,are
are't,aren't
areaa,area
aree,are
aregreen,are green
aren t,aren't
"aren""t",aren't
arent,aren't
arentt,aren't
areunder,are under
arew,are
arfte,after
arfter,after
army,are
arn't,aren't
arnser,answer
arnt,aren't
aroun,around
arr,are
ars,are
arwnser,answer
asa,as a
asding,adding
askes,asks
asnwer,answer
asnwers,answers
assumee,assume
asure,sure
aswear,answer
aswell,as well
aswer,answer
asx,as
at's,that's
aten,ate
atleast,at least
atmos,atmost
aut,out
avalible,available
ave,have
avery,every
awawy,away
awaying,away
awayy,away
awenser,answer
awhile,a whole
awnsa,answer
awnsaw,answer
awnser,answer
awnsered,answered
awnserr,answer
awnsers,answers
awnswer,answer
awnswre,answer
awser,answer
awsner,answer
awsome,awesome
awsy,away
aĺl,all
a’s,as
b9th,both
b=ecuase,because
b@lls,balls
bacause,because
backk,back
backwords,backwards
bacuse,because
badd,bad
baet,beat
baissacly,basically
balles,balls
ballls,balls
bals,balls
bannana,banana
barmodle,bar model
basally,basically
basicalky,basically
basicallyy,basically
basicaly,basically
basicly,basically
bast,best
bay,by
bc,because
bcas,because
bcause,because
bcc,because
bcecausx,because
bcome,become
bcs,because
bdecause,because
be ause,because
be cause,because
be=racket,bracket
beacase,because
beacause,because
beacause24,because 24
beacouse,because
beacsue,because
beacuae,because
beacuase,because
beacude,because
beacue,because
beacus,because
beacuse,because
beau e,because
beaucuse,because
beause,because
bebues,because
bec,because
beca,because
beca use,because
becaause,because
becacuse,because
becaise,because
becas,because
becase,because
becaseue,because
becaseuits,because its
becasue,because
becasuse,because
becau,because
becauae,because
becauase,because
becaucse,because
becaude,because
becaue,because
becaues,because
becauese,because
becauise,because
becaus,because
becaus e,because
becaus3,because
becaus3e,because
becausde,because
because1,because 1
because2,because 2
because24,because 24
because3,because 3
because5,because 5
becauseall,because all
becauseb,because
becauseb5,because
becausection,because
becaused,because
becausee,because
becausei,because
becauser,because
becauses,because
becausev,because
becausew,because
becausr,because
becausse,because
becausue,because
becauswe,because
becausy,because
becauuse,because
becayse,because
beccause,because
beccuase,because
becduase,because
becease,because
beces,because
becoes,becomes
becom,become
becomee,become
becomess,becomes
becones,becomes
becos,because
becose,because
becoseus,because
becous,because
becouse,because
becousse,because
becquw,because
becsause,because
becsue,because
becsuse,because
becuace,because
becuacse,because
becuase,because
becues,because
becuese,because
becus,because
becusde,because
becuse,because
becusee,because
becuz,because
becvause,because
bedcause,because
bedt,best
bee,been
beenn,been
befause,because
befor,before
before3,before 3
begger,bigger
beggining,beginning
beicase,because
beigger,bigger
beimg,being
beinbg,being
beingg,being
bekas,because
bekos,because
beleive,believe
believee,believe
believr,believe
belirve,believe
belive,believe
belives,believes
bellow,below
beltiplied,multiplied
ben,been
benn,been
beomes,becomes
beond,beyond
bescause,because
betterr,better
betwee,between
betweenn,between
betwren,between
beucass,because
beues,because
beuse,because
beva8se,because
bevause,because
bevcause,because
bevcausei,because i
bevomes,becomes
bexcasue,because
bexcuse,because
bey,by
bi,by
bicase,because
bicause,because
bidmaths,did maths
biger,bigger
bigest,biggest
bigge,bigger
biggedt,biggest
biggerr,bigger
biggestt,biggest
biggrst,biggest
bigiset,biggest
bigist,biggest
biik,book
bin,been
binger,bigger
bith,both
bitt,bit
bittom,bottom
bittome,bottom
biuld,build
bivid,divide
bivided,divided
blanck,blank
bleu,blue
blly,bully
blockd,blocks
bo,do
boad,board
boaf,both
boafe,both
boarf,both
boath,both
boi,boy
boiiiiii,boy
bone,done
boos,both
bor,both
bord,board
botem,bottom
boten,bottom
botg,both
bothe,both
bothh,both
bothnumbers,both numbers
botm,bottom
botom,bottom
bottam,bottom
bottem,bottom
bottems,bottoms
botten,bottom
bottim,bottom
botto,bottom
bottomm,bottom
botton,bottom
botttom,bottom
bottum,bottom
boxess,boxes
boxx,box
bracets,brackets
bracketes,brackets
bracketts,brackets
brackits,brackets
brakets,brackets
brav,bravo
brcause,because
brcome,become
brcomes,becomes
brcsue,because
breakk,break
bren,been
brlieve,believe
brtween,between
bucuse,because
buid,build
bulid,build
buss,bus
busstop,bus stop
bust,bus
bustop,bus stop
buts,but
butt,but
buulds,builds
buy,by
bw,be
bwcause,because
bwholes,wholes
by3,by 3
by5,by 5
by5and,by 5 and
byb12,by 12
bye,by
byh,by
bythe,by the
c.hange,change
c9mplete,complete
cack,cake
cacluctaed,calculated
caculated,calculated
caculation,calculation
cade,case
caiculated,calculated
cakee,cake
cal,calculate
cal culate,calculate
calcuateon,calculation
calcuation,calculation
calcukate,calculate
calculatd,calculated
calculationed,calculated
calculatted,calculated
calss,class
caluation,calculation
caluclate,calculate
caluclated,calculated
calulate,calculate
calulation,calculation
calulations,calculations
calvulation,calculation
cam,can
camcel,cancel
camee,came
cameroooon,cameroon
can',can't
can' t,can't
cancell,cancel
cancells,cancels
cancil,cancel
cancle,cancel
cancled,canceled
cang,change
cangd,changed
cann,can
cannnot,cannot
cannott,cannot
cant,can't
cantied,counted
cant’,can't
can’ t,can't
carfully,carefully
carnt,can't
casu,because
catapilator,caterpillar
caucltition,calculation
cauculating,calculating
caulculation,calculation
caunlt,count
caunt,count
caus,because
cause,because
causr,because
cauuuuuuseeeeeeeeeee,because
cawculachon,calculation
cbook,book
ceartin,certain
cecause,because
ceep,keep
certaintyy,certainty
certian,certain
certin,certain
certinty,certainty
cfjfjfjhfhfhhghhgonfident,confident
chainn,chain
chamge,change
chan,chance
chanc,chance
chancee,chance
chancr,chance
chang,change
changee,change
changer,changed
chanve,chance
che,the
checht,checked
chiken,chicken
chinc,chance
chnaged,changed
chnge,change
choce,chose
choises,choices
chosee,chose
chosr,chose
cice,ice
cimmon,common
cind,kind
cinvert,convert
cinverted,converted
circumfurence,circumference
cirtain,certain
cit,cut
ciunted,counted
ciynt,count
claer,clear
clearr,clear
cleu,clue
clise,close
clisest,closest
cloest,closest
clos,close
closee,close
closeest,closest
closerr,closer
closes,closest
closestt,closest
closet,closest
closets,closest
closley,closely
closr,closer
closrst,closest
clossest,closest
clotist,closest
clouse,close
clu,clue
clunt,count
co,so
co0nvert,convert
coilerd,colored
colam,column
colams,columns
colaurd,coloured
cold,could
colem,column
colems,columns
colerd,colored
coliured,coloured
collem,column
collemn,column
collems,columns
collom,column
colloms,columns
collonm,column
colloum,column
collum,column
collumb,column
collumn,column
collumns,columns
colom,column
colomm,column
colomn,column
coloms,columns
coloredd,colored
colorrd,colored
coloum,column
coloumn,column
coloums,columns
colourd,coloured
colourer,colored
colse,close
colum,column
colume,column
colums,columns
colun,column
colunm,column
colured,coloured
colures,colours
coman,common
comed,came
comen,common
comfused,confused
comin,common
comletly,completely
comman,common
commen,common
comming,common
commo,common
commom,common
commonn,common
commun,common
commutitive,commutative
comn,common
comnutitativity,commutativity
comon,common
comparedd,compared
comparingg,comparing
completly,completely
comvert,convert
con vert,convert
con vertex,convert
cone,come
conegts,connects
coners,corners
confdent,confident
conferdend,concerned
confuesed,confused
confuveld,confused
conman,common
consequtive,consecutive
consil,cancel
cont,count
conted,counted
conters,counters
conting,counting
continueing,continuing
continúen,continue
conver,convert
converte,convert
convertided,converted
convertions,conversions
convertthe,convert the
convrrt,convert
coonverting,converting
corect,correct
coret,correct
corodinites,coordinates
corrcet,correct
correc,correct
correcet,correct
correctlyy,correctly
correctt,correct
correvt,correct
corrext,correct
corrrct,correct
corrrect,correct
cos,because
cosest,closest
cot,got
couculashin,calculation
couculated,calculated
coudnt,couldn't
coukd,could
couldd,could
couldnt,couldn't
couled,colored
coulerd,colored
coulerded,colored
coulered,colored
coulers,colors
coulmn,column
coulom,column
coulored,colored
couloum,column
couloumn,column
couloured,colored
coulred,colored
coumted,counted
coun,count
councelled,cancelled
counded,counted
couned,counted
counnters,counters
countedd,counted
countedthe,counted the
counteed,counted
counten,counted
counterso,counters
counterss,counters
countimg,counting
countingg,counting
countiters,counters
countt,count
courled,colored
court,count
couted,counted
couters,counters
covert,convert
coverted,converted
coverting,converting
cownteri,cownters
cowton,cotton
coz,because
crate,create
creats,creates
cretet,correct
csn,can
csnnot,cannot
cus,because
cuz,because
cuzz,because
cworts,quarts
cymbal,symbol
d0ne,done
da,the
dame,same
danominantor,denominator
dasame,the same
dat,that
dataa,data
dats,that's
dawn,down
dayz,days
ddenimater,denominator
decagin,decagon
decagom,decagon
decagonn,decagon
decamail,decimal
decanoon,decagon
decas,because
decgons,decagons
deciamels,decimals
decide,divide
deciding,dividing
decimaks,decimals
decimall,decimal
decimalls,decimals
decimalss,decimals
decimle,decimal
decmails,decimals
decmal,decimal
decogan,decagon
decogen,decagon
decogon,decagon
decrasing,decreasing
decágona,decagon
dedivide,divide
dedominater,denominator
dee,see
defanant,definite
defenetly,definitely
defenite,definite
definate,definite
definately,definitely
definent,definite
definetly,definitely
definitly,definitely
deggrees,degrees
degress,degrees
deiomantor,denominator
deived,divided
deminater,denominator
deminator,denominator
demoinator,denominator
demomenator,denominator
demomimater,denominator
demominator,denominator
demominators,denominators
demomitor,denominator
demonanater,denominator
demonanaterr,denominator
demonater,denominator
demonator,denominator
demonators,denominators
demoniaters,denominators
demoniator,denominator
demoniators,denominators
demonietor,denominator
demonimater,denominator
demonimator,denominator
demoninator,denominator
demoninators,denominators
demoniter,denominator
demonitor,denominator
demononeter,denominator
demounimater,denominator
deneominator,denominator
denimimnator,denominator
deniminator,denominator
denimnater,denominator
denimnator,denominator
denimonator,denominator
denimoninator,denominator
denimontor,denominator
deninators,denominators
denminator,denominator
denmominator,denominator
deno,denominator
denoinator,denominator
denom,denominator
denomanaior,denominator
denomanater,denominator
denomanaters,denominators
denomanatoir,denominator
denomanator,denominator
denomanators,denominators
denomanitor,denominator
denomanotor,denominator
denomanotrs,denominators
denomantor,denominator
denomater,denominator
denomatior,denominator
denomator,denominator
denomators,denominators
denomenater,denominator
denomenator,denominator
denomenators,denominators
denomentator,denominator
denomentators,denominators
denomerator,denominator
denomernatier,denominator
denometer,denominator
denometor,denominator
denomiantors,denominators
denomiator,denominator
denomimator,denominator
denomimators,denominators
denomiminators,denominators
denominaqtor,denominator
denominar,denominator
denominatar,denominator
denominate,denominator
denominated,denominator
denominateor,denominator
denominateors,denominators
denominater,denominator
denominaters,denominators
denominatior,denominator
denominatiors,denominators
denominatir,denominator
denominato,denominator
denominatoer,denominator
denominatoess,denominators
denominatore,denominator
denominatorr,denominator
denominatorss,denominators
denominatortors,denominators
denominer,denominator
denomineyer,denominator
denomininator,denominator
denominitor,denominator
denominotor,denominator
denominstor,denominator
denominta,denominator
denomintaor,denominator
denomintator,denominator
denominter,denominator
denomintor,denominator
denomirator,denominator
denomitators,denominators
denomiter,denominator
denomitor,denominator
denomitors,denominators
denomnater,denominator
denomnator,denominator
denomnayer,denominator
denomoinator,denominator
denomonater,denominator
denomonator,denominator
denomonators,denominators
denomorator,denominator
denomter,denominator
denomunator,denominator
denonamator,denominator
denonanator,denominator
denonmaiter,denominator
denonminatar,denominator
denonminater,denominator
denos,denominators
denotator,denominator
denotinar,denominator
denum,denominator
denumerator,denominator
denuminators,denominators
deomanator,denominator
deomeaters,denominators
depagon,decagon
desamils,decimals
descused,discussed
desemal,decimal
desemel,decimal
desimal,decimal
desimall,decimal
desimals,decimals
desmal,decimal
detauled,detailed
determinator,denominator
deveded,divided
deveided,divided
deveining,dividing
devid,divide
devide,divide
devided,divided
devidid,divided
devidied,divided
deviding,dividing
devied,divided
devieded,divided
devisable,divisible
devite,divide
devived,divided
devi’s,divide
dhaded,shaded
dhape,shape
dhole,whole
dhows,shows
di vided,divided
diagramm,diagram
diaqgram,diagram
dibided,divided
dicided,divided
dicsimall,decimal
didd,did
dide,side
dided,sided
didgets,digits
didgit,digit
didgits,digits
didis,digits
didit,digit
didits,digits
didnr,didn't
didnt,didn't
didvide,divide
didvided,divided
didvideequally,divided equally
didvied,divided
diferret,different
differance,difference
differant,different
differcne,difference
differen- ce,difference
differencee,difference
differrnce,difference
differt,different
diffrance,difference
diffreance,difference
diffrence,difference
diffrent,different
difrence,difference
difrent,different
digest,digit
digests,digits
digets,digits
dight,digit
digi,digit
digram,diagram
dimnominators,denominators
dimoninater,denominator
dimplest,simplest
dimplified,simplified
dimplify,simplify
dinoinator,denominator
dinomanator,denominator
dinomanatures,denominators
dinomarator,denominator
dinomater,denominator
dinometer,denominator
dinomianter,denominator
dinomiator,denominator
dinominata,denominator
dinominater,denominator
dinominator,denominator
dinominators,denominators
dinominters,denominators
dinomitet,denominator
dinomnater,denominator
dinomonaiter,denominator
dint,didn't
dinvited,divided
direscshons,directions
dis,this
dits,dots
divaed,divided
divde,divide
divded,divided
divding,dividing
dive,divide
dived,divided
divedby,divided by
divede,divide
diveded,divided
divee,divided
diveidid,divided
diveied,divided
divid,divide
dividable,divisible
dividd,divided
dividded,divided
divideable,divisible
divideby,divide by
dividedby,divided by
dividedd,divided
dividede,divided
dividee,divide
divideed,divided
dividen,divide
dividend,divided
dividesd,divided
dividex,divided
dividid,divided
dividided,divided
dividied,divided
dividig,dividing
dividind,dividing
dividr,divide
dividrd,divided
dividung,dividing
dividv,divide
dividy,divide
divied,divided
diviedby,divided by
diviede,divide
divieded,divided
divinding,dividing
divine,divided
diving,dividing
divisable,divisible
divisble,divisible
divised,divided
diviseded,divided
diviser,divisor
divisiblee,divisible
divisionn,division
divison,division
divode,divide
divude,divide
divuded,divided
diwn,down
dix,six
dlight,slight
dnd,and
dnomanator,denominator
dnomnatiors,denominators
dnt,don't
dobal,double
dobble,double
dobled,doubled
dobling,doubling
doe,does
doent,doesn't
doesent,doesn't
doesnt,doesn't
doesn’,doesn't
doesn’s,doesn't
doess,does
domanater,denominator
domanator,denominator
domantater,denominator
dominaner,denominator
dominates,denominators
dominators,denominators
dominotars,denominators
domminater,denominator
domoniator,denominator
domoniators,denominators
domoninator,denominator
don;t,don't
don`t,don't
donaminator,denominator
donamtier,denominator
donee,done
donig,doing
donimater,denominator
doniminator,denominator
doniminators,denominators
donimnater,denominator
donminator,denominator
donn't,don't
donomanaters,denominators
donomernaters,denominators
donometer,denominator
donomiator,denominator
donominaor,denominator
donominater,denominator
donominator,denominator
donominators,denominators
donomintors,denominators
donomonator,denominator
dont,don't
dont'n,don't
dontt,don't
donuminater,denominator
don’l,don't
dooing,doing
doooo,do
doouble,double
dose,does
dose'nt,doesn't
dosen't,doesn't
dosent,doesn't
dosn't,doesn't
dosnnt,doesn't
dosnt,doesn't
dotd,dots
dote,dots
doted,dotted
dotn,don't
dotss,dots
doubke,double
doubledd,doubled
doublee,double
doublrd,doubled
dould,double
doule,double
dousnt,doesn't
dovoded,divided
dowm,down
downn,down
downto,down to
do’s,does
dpts,dots
drawed,drew
draww,draw
drcimal,decimal
drewa,drew
drewes,drew
drgrees,degrees
drnominator,denominator
drnominators,denominators
dubble,double
duble,double
dubled,doubled
dud,did
dufference,difference
dummmmmmm,dumb
dun,done
dunno,don't know
dure,sure
duv,divide
duvided,divided
duvision,division
dvead,divide
dvided,divided
dvidid,divided
dwnominator,denominator
dymbol,symbol
eac,each
eacause,because
eachh,each
eachother,each other
eachover,each other
eachtime,each time
eacus,equals
eally,really
eans,means
eaqles,eagles
eaqual,equal
eaquale,equal
eaquals,equals
eaqueld,equal
eaquil,equal
eaquils,equals
eaqul,equal
eaqules,equals
eaquls,equals
eash,each
eatch,each
eatingg,eating
eave,leave
eaves,leaves
eavh,each
ecause,because
ech,each
eche,each
ecsuse,because
ect,etc
ect.,etc.
ecuale,equal
ecuall,equal
ecuals,equals
ecwals,equals
ecxept,except
ecxtra,extra
edentefy,identify
eduated,educated
eeezy,easy
eequals,equals
egative,negative
eghit,eight
eght,eight
eghts,eighths
egoing,going
egual,equal
egualls,equals
ehat,what
ehelping,helping
eieigh,eight
eighthh,eighth
eighthss,eighths
eightt,eight
eigths,eighths
eiths,eighths
eits,it's
elinination,elimination
emans,means
emd,end
emount,amount
endd,end
ended,end
endest,end
enformation,information
enogh,enough
enoigh,enough
enought,enough
enougth,enough
enths,tenths
enumerator,numerator
eqal,equal
eqale,equal
eqales,equals
eqals,equals
eqaules,equals
eqaulls,equals
eqauls,equals
eqeled,equaled
eqivalent,equivalent
eqivilant,equivalent
eqivilent,equivalent
eqrill,equal
equak,equal
equakl,equal
equaks,equals
equalatiral,equilateral
equald,equal
equale,equal
equales,equals
equalivent,equivalent
equall,equal
equalling,equaling
equallls,equals
equalls,equals
equalss,equals
equaly,equally
equaral,equal
equasion,equation
equatiin,equation
equavilent,equivalent
equeal,equal
equel,equal
equeld,equal
equeled,equaled
equelent,equivalent
equelled,equalled
equelles,equals
equels,equals
equevilent,equivalent
equfilant,equivalent
equicelent,equivalent
equil,equal
equilalent,equivalent
equilivent,equivalent
equillivant,equivalent
equils,equals
equilvelant,equivalent
equirvelemt,equivalent
equitation,equation
equivalant,equivalent
equivalated,equivalent
equivalemt,equivalent
equivalente,equivalent
equivalentt,equivalent
equivalrnt,equivalent
equiveilent,equivalent
equivelant,equivalent
equivelent,equivalent
equivelenty,equivalently
equivent,equivalent
equivilant,equivalent
equivilent,equivalent
equivilents,equivalents
equivilet,equivalent
equivlent,equivalent
equivliant,equivalent
equivulant,equivalent
equle,equal
equles,equals
equliviliante,equivalent
equlls,equals
equsl,equal
equstion,equation
equuvalent,equivalent
equuvelant,equivalent
equvalent,equivalent
equvlent,equivalent
eqvlt,equivalent
eqwal,equal
eqwals,equals
ere,are
eror,error
esch,each
esposise,opposite
essentialy,essentially
estamated,estimated
eten,eaten
ether,either
etimes,times
euals,equals
euqals,equals
evary,every
evenn,even
eventhough,even though
everyime,every time
everytime,every time
everyy,every
evetime,every time
evey,every
eveytime,every time
evquivlant,equivalent
evry,every
evrytime,every time
ewivlent,equivalent
exactt,exact
exacty,exactly
examplee,example
exept,except
exlplain,explain
expalin,explain
expkaining,explaining
explaination,explanation
explainatory,explanatory
explaind,explained
explaine,explain
explainmy,explain my
explainn,explain
explame,explain
explan,explain
explane,explain
explanition,explanation
explin,explain
explsin,explain
exsplain,explain
exteriir,exterior
exteriorr,exterior
extierier,exterior
extirior,exterior
extract,extra
eyou,you
eᑫᑌᗩᒪᔕ,equals
faction,fraction
factions,fractions
faith,fourth
favrit,favorite
favtor,factor
ffom,from
fhat,that
fiethen,fifteen
fif,fifth
fifeteenths,fifteenths
fiffteen,fifteen
fifftens,fifteens
fift,fifth
fifteenn,fifteen
fifteenth's,fifteenths
fifteeths,fifteenths
fiften,fifteen
fifthens,fifteenths
fifthh,fifth
fifthss,fifths
fifthteen,fifteen
fifthteens,fifteenths
fifthteenths,fifteenths
fifthteeths,fifteenths
fifthtenths,fifteenths
fiftiens,fifteens
fiftinfs,fifteenths
fifves,fifths
figuer,figure
figuredd,figured
figuree,figure
fiit,fit
fimd,find
fin,find
finallyy,finally
findd,find
findin,finding
findout,find out
findthe,find the
fine,find
fined,find
fing,find
fink,think
fip,flip
fir,for
firsrt,first
firstt,first
firsty,firstly
firsy,first
firths,fifths
firts,first
firtst,first
firve,five
fist,first
fiteenths,fifteenths
fith,fifth
fithes,fifths
fithis,fifth is
fiths,fifths
fithteen,fifteen
fithteens,fifteenths
fithteenth,fifteenth
fithteenths,fifteenths
fiund,found
fiur,four
fiv,five
five teen,fifteen
five teens,fifteens
fivee,five
fiveinn,five in
fiveteen,fifteen
fiveths,fifths
flif,flip
fliped,flipped
flipp,flip
fnd,find
fnde,find
foist,first
folow,follow
folwthe,follow the
fom,from
fond,find
for m,form
fore,for
forgoten,forgotten
formm,form
formule,formula
forr,for
forrm,form
forst,first
forth,fourth
forumla,formula
fot,got
foundd,found
fourm,form
fourr,four
fourty-eight,forty-eight
fput,four
fr,for
fracion,fraction
frackisons,fractions
fracshons,fractions
fractiin,fraction
fractiom,fraction
fractioms,fractions
fraction s,fractions
fractionn,fraction
fractionss,fractions
fractis,fractions
fractiuon,fraction
fractoin,fraction
fractons,fractions
fractuon,fraction
fraftion,fraction
fration,fraction
frations,fractions
fravtion,fraction
frction,fraction
frctions,fractions
freind,friend
frim,from
fro m,from
frome,from
fromm,from
fron,from
frsction,fraction
fuch,such
fulll,full
funderstand,understand
furn,turn
futher,further
fuve,five
för,for
g9es,goes
game,gave
gat,get
gats,gets
gavee,gave
gavem,gave
gaver,giver
ge4t,get
geed,need
gefer,together
geniunly,genuinely
gesing,guessing
gess,guess
gessed,guessed
gessing,guessing
gessted,guessed
gest,guess
get5,get 5
get72,get 72
get9,get 9
getb,get b
gether,together
gethere,together
geting,getting
gett,get
getthe,get the
geusesed,guessed
geuss,guess
geussing,guessing
giogle,google
giong,going
gird,grid
git,got
giuessed,guessed
gived,gave
givee,give
givenn,given
givess,gives
givey,give
givimg,giving
givingg,giving
givr,give
givs,gives
go's,goes
goals,goes
goas,goes
goe,go
goed,goes
goesa,goes
goess,goes
goesse,goes
goi,going
goin,going
goingg,going
gointo,go into
gonig,going
goning,going
gonna,going to
goodd,good
goodo,good
gooooo,go
gooooo!,go
gorgie,gorgeous
gors,goes
gos,goes
gose,goes
gosse,goes
gott,got
gou,you
gow,go
go’s,goes
graeter,greater
grater,greater
gratest,greatest
greastist,greatest
great,greater
greatestt,greatest
greatist,greatest
greatrr,greater
greatrst,greatest
gretest,greatest
groows,grows
grt,get
gt,get
gud,good
guees,guess
gueesed,guessed
gues,guess
guesded,guessed
guesed,guessed
gueses,guesses
guesing,guessing
guesse,guess
guessingg,guessing
guessinggggg,guessing
guessinh,guessing
guesssed,guessed
guest,guess
guested,guessed
guick,quick
gurssed,guessed
gusing,guessing
gussed,guessed
gusseing,guessing
gussing,guessing
gust,just
guve,give
guves,gives
guwssing,guessing
h e,he
ha e,have
haalf,half
haas,has
hace,have
hadd,had
hadr,hard
hafe,half
haft,half
hakf,half
hal,half
haled,halved
halfd,halved
halfed,halved
halff,half
halfing,halving
halfled,halved
halfs,halves
halth,half
halv,half
halve,half
han,than
hanes,hands
hape,shape
hapoens,happens
happem,happen
happend,happened
happenedd,happened
happeneing,happening
happenimg,happening
happing,happening
happneed,happened
happyy,happy
harf,half
harfed,halved
harleys,halleys
haseaten,has eaten
hasent,hasn't
hasf,half
hasnt,hasn't
hass,has
hast,has
hav,have
havdesamal,have decimal
haved,had
havee,have
havent,haven't
haveto,have to
havr,have
haw,how
hawdd,hard
haz,has
hed,head
hegethe,together
heigher,higher
heighest,highest
helprd,helped
hem,them
hen,then
henve,hence
hep,help
heplp,help
heree,here
heres,here's
herr,here
hexagan,hexagon
hexogen,hexagon
hfer,here
hhave,have
hie,high
hige,huge
highestt,highest
highlyy,highly
hightest,highest
hilated,highlighted
hink,think
hiw,how
hlf,half
hnot,not
hoe,how
hoes,goes
hole,whole
holes,wholes
holl,whole
honk,think
horiznticley,horizontally
hose,chose
hou,how
how ever,however
howmuch,how much
howw,how
hree,three
hrnce,hence
hsd,had
hslf,half
hsppen,happen
hss,has
hsve,have
htee,the
huess,guess
hugh,huge
hundered,hundred
hundereths,hundredths
hundredd,hundred
hundreth,hundredth
hundreths,hundredths
hwo,how
hyand,hand
hêłpēd,helped
i f,if
i s,is
i't,it's
i.n,in
i/s,is
i5,15
i8f,if
ia,is
iade,made
iam,i am
idacates,indicates
idear,idea
ided,sided
ides,ideas
idid,i did
idon’t,i don't
idrew,i drew
ifb,if
iff,if
iged,guessed
igot,i got
ii,i
iif,if
iis,is
iit,it
iknow,i know
il,i
ill,i'll
im,i'm
imagaine,imagine
imaged,imagined
imformation,information
immposinbe,impossible
immpossible,impossible
impatween,in between
imporper,improper
imposibal,impossible
imposible,impossible
imposuster,imposter
impotween,between
impriper,improper
improperr,improper
imto,into
in crease,increase
in stead,instead
in to,into
in verse,inverse
in-shaded,unshaded
ina,in a
inaverse,inverse
inbetween,in between
inccorect,incorrect
incisible,invisible
increasd,increased
increasee,increase
increses,increases
ind,find
indecy,index
indervidual,individual
indide,inside
inerior,interior
infomation,information
informatiom,information
informationn,information
informtion,information
infrint,in front
infront,in front
init,in it
initger,integer
inlikely,unlikely
inn,in
inproper,improper
insaw,i saw
insept,except
insted,instead
insteqad,instead
instincs,instincts
insude,inside
int,into
intellegence,intelligence
intere,entire
intergar,integer
interger,integer
intergers,integers
interia,interior
interiir,interior
interiot,interior
intger,integer
inti,into
intiger,integer
intire,entire
intoa,into a
inton,into
intoo,into
intotal,in total
invere,inverse
inverense,inverse
inverese,inverse
invers,inverse
invertse,inverse
invisable,invisible
invurse,inverse
inworked,i worked
io,to
ios,is
iot,it
ipyou,if you
iquals,equals
irrregular,irregular
irs,it's
irts,it's
is't,isn't
is24,is 24
is72,is 72
isa,is a
isd,is
isequel,is equal
isequwell,is equal
isis,is
ismpfid,simplified
isn'.,isn't
isnot,is not
isnt,isn't
isn’n,isn't
isout,is out
isssss,is
isthe,is the
isthis,is this
isw,is
it self,itself
itand,it and
itas,it is
itby,it by
itd,it's
iterior,interior
ithas,it has
ither,other
ithink,i think
iti,it
itll,it'll
itmis,it is
ito,into
itr,it
its self,itself
itss,its
itsv,it's
itz,its
ius,is
iused,i used
iut,out
ive,i've
iver,over
iw,is
iworked,i worked
iy,it
iz,is
iš,is
i̥ͦs̥ͦ,is
j'm,i'm
jabe,have
jange,change
jave,have
jeeez,jeez
jhappen,happen
jist,just
jn,in
js,is
judt,just
jus,just
jused,used
juseesed,used
jusrt,just
justt,just
jut,just
k ow,know
k.eep,keep
kad,had
kaklat,calculate
kan,can
kann,can
kcf,gcf
kee,keep
keepp,keep
keft,left
kentky,kentucky
kentuckey,kentucky
kerp,keep
kfcc,kick
kidnt,didn't
kip,keep
kiss,cross
kmow,know
kmurtis,kurtis
kn0w,know
kniw,know
knkw,know
knoe,know
knoledge,knowledge
knowe,know
knowhow,know how
knowthis,know this
knoww,know
knowww,know
koew,know
kontid,counted
kore,more
kots,lots
kow,know
kowe,know
krep,keep
krnowledge,knowledge
kurtiass,kurtis
kńøŵ,know
l,i
lager,larger
lagervthen,larger than
lagest,largest
lake,take
larges,largest
lbecause,because
lcf,lcm
lcmm,lcm
leastt,least
leav,leave
leavee,leave
leaveing,leaving
leds,less
ledt,left
lees,less
lef,left
lef5,left
leftt,left
lefy,left
les,less
lessd,less
lesss,less
lesve,leave
let',let's
leve,leave
leving,leaving
lf,of
liely,likely
likea,like a
likee,like
likeley,likely
likely hood,likelihood
likelyq,likely
likelyy,likely
likey,likely
liklely,likely
likley,likely
likly,likely
linee,line
linrs,lines
lip,flip
littke,little
llooggiicc,logic
lmc,lcm
loest,lowest
logiiiiiiiiiiiiiiiiiiiiiiiiiiiiicccccccccccccc,logic
lojic,logic
longerr,longer
lookd,looked
lookedd,looked
lookk,look
lookss,looks
loosing,losing
lovee,love
lowe,lower
lowerr,lower
lowes,lowest
loww,low
lrft,left
m ore,more
m.ultiply,multiply
ma,my
maabye,maybe
maany,many
mach,match
maches,matches
machs,matches
mackes,makes
mad,made
madee,made
madr,made
maens,means
maffs,math
maffssss,maths
mafths,maths
magiccccc,magic
mak,make
maked,made
makee,make
makeing,making
makes9,makes 9
makethe,make the
makezs,makes
makingg,making
makr,make
makrs,makes
male,make
males,makes
mamy,many
mangy,many
manny,many
mans,means
mant,many
manyy,many
maswer,answer
matchingg,matching
mater,matter
matgches,matches
mathss,maths
meabns,means
meams,means
meand,mean
meanes,means
meann,mean
meanss,means
meany,many
med,need
mee,me
meed,need
megative,negative
meh,me
ment,meant
mentaly,mentally
mentle,mental
mesning,meaning
mesns,means
metherd,method
methid,method
methodm,method
methood,method
methord,method
mext,next
mey,me
mhave,have
mi,my
midal,model
midl,middle
midlle,middle
miht,might
miltiplied,multiplied
mimus,minus
minas,minus
minecs,minus
mines,minus
minese,minus
mineuse,minus
minis,minus
minise,minus
minous,minus
minsus,minus
minuce,minus
minud,minus
minueses,minuses
minuets,minutes
minus',minus
minus's,minuses
minused,minus
minuseight,minus eight
minusess,minuses
minusies,minuses
minusing,subtracting
minusis,minuses
minuss,minuses
minusus,minuses
mis,is
missingg,missing
mist,must
mitplay,multiple
mix,mixed
mixedd,mixed
mixep,mixed
mixes,mixed
mixrd,mixed
mkaes,makes
mnegative,negative
mnus,minus
modal,model
moddling,modeling
moltipal,multiple
mon,more
monest,most
monetaryy,monetary
mor,more
moree,more
mostt,most
mot,not
mote,more
moticed,noticed
mow,now
mqay,may
mrss,mrs
mrssed,missed
msje,make
mske,make
msy,may
mt,my
mubers,numbers
muchh,much
muktiply,multiply
mulilpy,multiply
muliplied,multiplied
mulipliy,multiply
mulitiple,multiple
mulitipled,multiplied
mulitiplied,multiplied
mulitple,multiple
mulitplied,multiplied
mulitplier,multiplier
mulitply,multiply
mulplied,multiplied
multi ply,multiply
multilyed,multiplied
multip[le,multiple
multipaction,multiplication
multipal,multiple
multipcation,multiplication
multipied,multiplied
multipl,multiple
multiplacation,multiplication
multiplay,multiply
multiplcation,multiplication
multiplecation,multiplication
multipled,multiplied
multiplee,multiple
multipler,multiplier
multiplex,multiplied
multiplh,multiply
multipli e,multiplied
multiplicationn,multiplication
multiplicaton,multiplication
multiplie,multiply
multipliedd,multiplied
multipling,multiplying
multipliying,multiplying
multiplucation,multiplication
multiplued,multiplied
multipluy,multiply
multipluyed,multiplied
multiplyed,multiplied
multiplyeid,multiplied
multiplyer,multiplier
multiplyes,multiplies
multiplyied,multiplied
multiplys,multiplies
multiplyy,multiply
multipul,multiple
multipule,multiple
multipulied,multiplied
multipy,multiply
multipyed,multiplied
multiyplying,multiplying
multlipication,multiplication
multliply,multiply
multpilied,multiplied
multple,multiple
multpled,multiplied
multplied,multiplied
multplyed,multiplied
multyply,multiply
multyplyd,multiplied
mulyiply,multiply
mumber,number
mumberline,number line
mumbers,numbers
munus,minus
munuses,minuses
mus,must
mustt,must
mustve,must have
mutch,much
mutilation,multiplication
mutiple,multiple
mutipled,multiplied
mutiples,multiples
mutiplied,multiplied
mutiply,multiply
mutiplyed,multiplied
mutliply,multiply
mxed,mixed
måkėš,makes
mąkę,make
n0t,not
n9t,not
nad,and
nagative,negative
nagiteve,negative
naswer,answer
naver,never
navitateve,negative
nawers,answers
nbot,not
nd,and
nead,need
nearestt,nearest
nearl,nearly
nect,next
nedd,need
needa,need a
needd,needed
needexd,needed
neeed,need
neef,need
nefore,before
nega,negative
negaitives,negatives
negaive,negative
negarive,negative
negati es,negatives
negatibe,negative
negatice,negative
negatime,negative
negatine,negative
negativ,negative
negativa,negative
negatived,negated
negativede,negative
negativee,negative
negativeon,negative on
negativess,negatives
negativies,negatives
negativr,negative
negatrives,negatives
negatuve,negative
negetive,negative
negetives,negatives
neggitives,negatives
neggtives,negatives
negitave,negative
negitaves,negatives
negitive,negative
negitives,negatives
negitve,negative
negives,negatives
negrtive,negative
negstive,negative
negstives,negatives
negtive,negative
negtives,negatives
nemarater,numerator
nemarator,numerator
nemater,numerator
nemerator,numerator
nemiorater,numerator
nemoninator,numerator
nemorator,numerator
neraly,nearly
nerd,need
nerist,nearest
nermoratater,numerator
nermorater,numerator
neumarator,numerator
neuminator,numerator
neumonater,numerator
neumonator,numerator
neumorator,numerator
new,knew
newmerater,numerator
newmerator,numerator
nexto,next to
nextt,next
nfhen,then
nformation,information
ngetive,negative
niber,number
night,nine
nighths,ninths
nimbers,numbers
nime,nine
ninee,nine
nineth,ninth
nineths,ninths
ninetriangles,nine triangles
ninghths,ninths
ningths,ninths
ninr,nine
ninthes,ninths
ninthss,ninths
nithes,ninths
niths,ninths
niw,now
nmerators,numerators
nnumber,number
no where,nowhere
no5,not
nod,not
nomarater,numerator
nomater,numerator
nomerators,numerators
nominater,numerator
nominator,numerator
nominator's,numerator's
nominators,numerators
nomirator,numerator
nomle,normal
nomoraiter,numerator
non,none
nonee,none
nooo,no
normall,normal
normaly,normally
norther,another
note,not
nott,not
notvery,not very
noww,now
noy,not
npoe,nope
nred,need
nrgatives,negatives
nswer,answer
nswers,answers
nto,into
nuber,number
nuemorator,numerator
nugative,negative
nujmerator,numerator
numamrater,numerator
numanator,numerator
numarartor,numerator
numarater,numerator
numarator,numerator
numaratores,numerators
numarators,numerators
numaretor,numerator
numariater,numerator
numator,numerator
numb er,number
numbe,number
numbeer,number
numberater,numerator
numberator,numerator
numberators,numerators
numberline,number line
numberr,number
numberrrrrrrrrrrrrrrrrrrrrrrrrrrrr,number
numberss,numbers
numbesr,numbers
numbres,numbers
numbrr,number
numbrrs,numbers
numbrs,numbers
numbt,number
numbuer,number
numbwers,numbers
numcber,number
numder,number
nume,numerator
numearator,numerator
numenator,numerator
numenimator,numerator
numeralater,numerator
numerate,numerator
numerater,numerator
numeraters,numerators
numeration,numerator
numeratior,numerator
numerato,numerator
numeratoers,numerators
numeratorr,numerator
numeratorsame,numerators
numeratour,numerator
numericator,numerator
numeriiator,numerator
numeroter,numerator
numerrator,numerator
numertaor,numerator
numertor,numerator
numertors,numerators
numinator,numerator
numinators,numerators
numirater,numerator
numirator,numerator
numirators,numerators
numiratour,numerator
numitaror,numerator
nummber,number
nummerators,numerators
numner,number
numners,numbers
numnrator,numerator
numnutoir,numerator
numonitors,numerators
numorater,numerator
numoratier,numerator
numoratior,numerator
numorator,numerator
numorators,numerators
numper,number
numrater,numerator
numurator,numerator
numvber,number
nunber,number
nunbers,numbers
nunmber,number
nurater,numerator
ny,by
o.2,0.2
o.66,0.66
o.9,0.9
oand,and
oane,one
oattern,pattern
obvi,obviously
occuring,occurring
ocour,occur
octogon,octagon
ocurr,occur
oddss,odds
of',of
of4,of
off,of
og,of
ohewydd,oherwydd
ohne!,one
ohter,other
oither,other
oll,all
om,on
ome,one
omly,only
omnlu,only
on wards,onwards
once,ones
onces,ones
ond,and
oneb,one
onee,one
oneleft,one left
oner,over
onesand,ones and
oneths,ones
ong,on
onle,only
onlythe,only the
onlyy,only
onmly,only
onnnnnn,on
onr,one
ons,ones
onss,ones
onths,tenths
ontop,on top
onws,ones
oof,of
ooo1,0001
op,on
opchens,options
opersit,opposite
opertunity,opportunity
opisite,opposite
opistie,opposite
oposite,opposite
opositivity,oppositivity
opositve,opposite
oppisisite,opposite
oppisite,opposite
opposit,opposite
oppsite,opposite
opsite,opposite
optiond,options
optionn,option
origanal,original
originaly,originally
origionally,originally
orignal,original
orignial,original
orr,or
othe,other
other wise,otherwise
otherr,other
otherss,others
other’s,others
othrr,other
othrrs,others
our,out
oust,most
outher,other
outhrs,others
outt,out
ove r,over
ove,over
overlaped,overlapped
overr,over
overs,others
overt,over
ovious,obvious
ovrr,over
owm,own
oᐯeᖇᗩᒪᒪ,overall
oᖴ,of
paatern,pattern
pairss,pairs
panrts,parts
papaper,paper
papper,paper
part s,parts
partailly,partially
partlyy,partly
partrs,parts
partss,parts
partt,parts
pater,pattern
patern,pattern
pattan,pattern
patten,pattern
pattens,patterns
patter,pattern
patteren,pattern
patterm,pattern
patternn,pattern
patternss,patterns
patters,patterns
pattrn,pattern
pattrrn,pattern
pattur,pattern
patturn,pattern
peace,piece
peaces,pieces
peacess,pieces
peace’s,pieces
peases,pieces
peazer,pieces
pecentage,percentage
pecices,pieces
pecies,pieces
pecific,specific
peice,piece
peices,pieces
peiceses,pieces
peics,pieces
pennleygoes,pentagons
peope,people
peopl,people
perctage,percentage
perfickt,perfect
perons,person
perople,people
persent,percent
persentage,percentage
petagon,pentagon
phtots,photos
pice,piece
pices,pieces
pictorally,pictorially
pieceso,pieces
piecrs,pieces
piecwe,piece
piint,point
pilygon,polygon
piont,point
pirce,piece
pirimed,pyramid
pis,is
pisition,position
pisitive,positive
pkus,plus
plaasse,place
placation,multiplication
place holders,placeholders
plane,plain
plases,places
pleade,please
pleas,please
plecss,places
pli,plus
pll,people
ploygon,polygon
plsces,places
plu,plus
plud,plus
pluse,plus
plused,added
pluss,plus
pne,one
poditive,positive
poeple,people
pof,of
pointey,point
pointss,points
pointt,point
polgon,polygon
poligons,polygons
pollygon,polygon
poloygon,polygon
polygin,polygon
polygone,polygon
polygonn,polygon
polyon,polygon
poooooofffff,poof
poooys,ponies
posable,possible
posativ,positive
posative,positive
posbility,possibility
posiitivity,positivity
positeve,positive
posititve,positive
positiv,positive
positivee,positive
positivse,positive
positonality,positionality
positve,positive
posotive,positive
possable,possible
possibilite,possibility
possitive,positive
postave,positive
postitive,positive
postitve,positive
postive,positive
potatoe,potato
potatooo,potato
pov.,positive
poynts,points
ppint,point
prcentage,percentage
precent,percent
probabaly,probably
probabilityy,probability
probablility,probability
probaly,probably
procces,process
proccess,process
proces,process
productt,product
properr,proper
proscess,process
prume,prime
psrts,parts
pttern,pattern
pu,put
putt,put
putthat,put that
pylogons,polygons
pythsgorus,pythagoras
q,a
qatuat,quotient
qaurter,quarter
qnd,and
qould,would
qre,are
quadrelaterel,quadrilateral
quals,equals
quater,quarter
quaters,quarters
quation,equation
quciker,quicker
quesrtion,question
quess,guess
quessed,guessed
quessing,guessing
quest,guess
questiin,question
questiom,question
question1,question
questionss,questions
queston,question
questuion,question
quieter,quarter
quillivant,equivalent
quit,quite
quitee,quite
rach,each
rally,really
ramainder,remainder
rambow,rainbow
randim,random
ratioooo,ratio
re,are
reaction,fraction
reacurring,recurring
read,red
reaimaning,remaining
reakly,really
realky,really
reallyy,really
realtion,relation
realy,really
reasource,resource
reast,rest
reat,rest
recieved,received
recipical,reciprocal
reciporacal,reciprocal
reciprical,reciprocal
recipricle,reciprocal
recipricol,reciprocal
reciprivol,reciprocal
reciprocaled,reciprocated
recuring,recurring
redy,ready
reeding,reading
reguallary,regularly
regukar,regular
regularr,regular
reguluar,regular
reimander,remainder
relation ship,relationship
relised,realised
remainding,remaining
remainingg,remaining
remainss,remains
remanda,remainder
remander,remainder
remaning,remaining
remauns,remains
remeber,remember
remeder,remainder
remeindar,remainder
remembrr,remember
remender,remainder
reminder,remainder
remsinder,remainder
reoccurring,recurring
repeadedly,repeatedly
repeatt,repeat
representss,represents
represeted,represented
resiprical,reciprocal
resive,receive
resonable,reasonable
resoning,reasoning
respectivetly,respectively
restt,rest
resultt,result
reverssl,reversal
revisiin,revision
revrrse,reverse
rhe,the
ri ght,right
riangles,triangles
righ,right
rightt,right
rigt,right
rimes,times
rit,right
rj,to
rlly,really
robbert,robert
rober,robert
robertt,robert
robets,robots
robrrt,robert
roght,right
rong,wrong
rop,top
route,root
rowed,around
roww,row
rqual,equal
rquals,equals
rquivalant,equivalent
rrally,really
rrmainder,remainder
rrst,first
rthe,the
rven,even
rwo,two
ryme,rhyme
s0,so
sadded,shaded
saded,shaded
sais,says
sallly,sally
sallyy,sally
sam,same
samebut,same but
samee,same
sames,same
samr,same
samse,same
sands,stands
sane,same
sats,says
sauls,equals
sause,sauce
saww,saw
sayes,says
sayss,says
sayung,saying
sayy,say
say’s,says
sbtract,subtract
scince,since
sdd,add
sdded,added
sdding,adding
sdditive,additive
sead,said
seam,seem
seams,seems
seaquence,sequence
secc,second
secind,second
secound,second
sed,said
seeee,see
sence,sense
sender,answer
sens,sense
sentencen,sentence
seperate,separate
sepretly,separately
sequance,sequence
sequeance,sequence
sequencee,sequence
sequencr,sequence
sever,several
sfter,after
sgain,again
shabe,shape
shadaded,shaded
shadded,shaded
shade d,shaded
shade,shaded
shadead,shaded
shadedas,shaded
shadedd,shaded
shadef,shaded
shaderd,shaded
shadered,shaded
shades,shaded
shadesd,shaded
shadeted,shaded
shadid,shaded
shadidin,shaded in
shadrd,shaded
shaed,shaded
shaeded,shaded
shaid,shaded
shaided,shaded
shaiden,shaded
shap,shape
shap...,shape
shapeds,shapes
shapee,shape
shapoes,shapes
shaprs,shapes
shar4ing,sharing
shded,shaded
shead,shaded
sheaed,shaded
shhaded,shaded
shoe,should
shold,should
shor,sure
shore,sure
shoud,should
shouldd,should
shsded,shaded
shuld,should
shure,sure
sice,since
sid,side
sidee,side
sidess,sides
sidrs,sides
sidways,sideways
sigh,sign
sighn,sign
sighns,signs
sightly,slightly
signn,sign
simble,symbol
simce,since
simflified,simplified
simflify,simplify
simfliy,simplify
simifiy,simplify
simimplfy,simplify
simiplfy,simplify
simlafy,simplify
simle,simple
simlfiyed,simplified
simlified,simplified
simlify,simplify
simlifyed,simplified
simlyfied,simplified
simmplefied,simplified
simpale,simple
simpelest,simplest
simper,simpler
simperfide,simplified
simperflie,simplify
simperfly,simplify
simpest,simplest
simpfiy,simplify
simpfly,simplify
simpflyed,simplified
simpified,simplified
simpifly,simplify
simpify,simplify
simpilar,similar
simpilest,simplest
simpilfied,simplified
simpilfy,simplify
simpilifed,simplified
simpilified,simplified
simpilist,simplest
simpilistt,simplest
simpilst,simplest
simpist,simplest
simpkest,simplest
simpky,simply
simplafide,simplified
simplafy,simplify
simplayfy,simplify
simple est,simplest
simple fied,simplified
simple fy,simplify
simpled,simplified
simplee,simple
simplefe,simplify
simplefei,simplify
simplefide,simplified
simplefided,simplified
simplefie,simplify
simplefied,simplified
simplefind,simplified
simplefined,simplified
simplefiy,simplify
simpleflied,simplified
simplefy,simplify
simpleifi,simplify
simpleify,simplify
simplerfied,simplified
simplerfy,simplify
simples,simple
simpless,simplest
simplestt,simplest
simplesy,simplest
simplfid,simplified
simplfied,simplified
simplfiy,simplify
simplfiyed,simplified
simplflied,simplified
simplfy,simplify
simplied,simplified
simplies,simplest
simpliest,simplest
simplif,simplify
simplifed,simplified
simplifi,simplify
simplifiction,simplification
simplifide,simplified
simplifie,simplify
simplifiedd,simplified
simplifieds,simplified
simplifiess,simplifies
simplifing,simplifying
simplifird,simplified
simplifiy,simplify
simplifiyed,simplified
simplifly,simplify
simplifued,simplified
simplifyed,simplified
simplifyingg,simplifying
simplifys,simplifies
simplifyy,simplify
simplify’s,simplifies
simpliied,simplified
simplist,simplest
simplith,simplify
simpliy,simplify
simpliyfy,simplify
simplrst,simplest
simplufied,simplified
simplyed,simplified
simplyest,simplest
simplyfie,simplify
simplyfied,simplified
simplyfiy,simplify
simplyfy,simplify
simplyfyed,simplified
simplyified,simplified
simplyify,simplify
simplyy,simply
simular,similar
simulartys,similarities
sin,in
sinal,signal
sincee,since
sincr,since
singel,single
sinpelist,simplest
sinplified,simplified
sinve,since
siplefide,simplified
sipleflide,simplified
siplest,simplest
siplfliy,simplify
siplfly,simplify
siplified,simplified
siplify,simplify
sipmpilist,simplest
sipylied,simplified
sit,as it
sixe,sixes
sixs,sixes
sixx,six
slicked,simplified
slightt,slight
sll,all
slso,also
smaler,smaller
smalest,smallest
smallee,smaller
smalleret,smaller
smallerr,smaller
smallet,smaller
smalletnumber,smallest number
smalll,small
smalller,smaller
smallrr,smaller
smarg,smart
smarlest,smallest
smars,smart
smelleh,smelly
smething,something
smiplify,simplify
smort,smart
smount,amount
smplfi,simplify
smplify,simplify
smsller,smaller
smybols,symbols
snd,and
snswer,answer
snwakr,answer
snwer,answer
so thing,something
soas,so as
sobert,robert
soi,so
soil,so it
soit,so it
soloution,solution
some how,somehow
some thing,something
somee,some
somethi,something
somethind,something
somethingg,something
sometime,sometimes
sometimess,sometimes
somoijn,something
somome,someone
somthats,so that's
somthin,something
somthing,something
somting,something
songg,song
soo,so
sooo,so
soooo,so
soooooo,so
sop,so
sopost,supposed
sore,sure
sorryy,sorry
sothe,so the
sots,dots
sould,should
spacees,spaces
spacess,spaces
spaeces,spaces
spit,split
splitt,split
splitted,split
spo,so
spokky,spooky
sqare,square
sqares,squares
sqaues,squares
sqaures,squares
squaress,squares
squars,squares
squence,sequence
squeres,squares
squers,squares
squres,squares
srcond,second
sre,are
srent,aren't
srnt,aren't
sry,sorry
sshaded,shaded
sslly,sally
ssme,same
ssy,say
stand`s,stands
stans,stands
startingg,starting
startt,start
stase,stays
stat,stay
statment,statement
stayes,stays
sthe,the
stictched,stitched
stilll,still
straith,straight
strat,start
stratagies,strategies
styck,stick
suares,squares
subbtraced,subtracted
subract,subtract
subracting,subtracting
subraction,subtraction
subsequentt,subsequent
subsitude,substitute
subsitute,substitute
subsract,subtract
substacting,subtracting
substract,subtract
substracted,subtracted
substracting,subtracting
subtacrion,subtraction
subtact,subtract
subtitling,subtracting
subtractedd,subtracted
subtracteding,subtracting
subtractedy,subtracted
subtractingg,subtracting
subtractionn,subtraction
subtractoin,subtraction
subtractt,subtract
subtrakt,subtract
subtratction,subtraction
subtrating,subtracting
subtravt,subtract
suded,sided
sudeways,sideways
sue,sure
sumply,simply
sun,sum
sur,sure
surat,subtract
suree,sure
sutible,suitable
sux,six
svale,scale
swaped,swapped
swich,switch
switchig,switching
switchso,switch so
switvh,switch
symble,symbol
symperfider,simplified
symplacation,simplification
symple,simple
symplfy,simplify
symplified,simplified
symplify,simplify
symplyfed,simplified
symplyfyed,simplified
só,so
t0,to
t5he,the
t9,to
ta=hat,that
tabble,table
tabels,tables
tabes,tables
tabkes,tables
tablel,table
tac,take
tack,take
tae,take
taen,taken
tahat,that
taht,that
taikaway,takeaway
takeawayy,takeaway
taked,took
takee,take
takess,takes
takeway,takeaway
takr,take
takrs,takes
tale,take
talke,take
tan,than
taoal,total
tat,that
tath,that
tbhe,the
teached,taught
technicalky,technically
tecontlny,technically
ted,red
teenths,tenths
teh,the
tehm,them
tel l,tell
telll,tell
tenghts,tenths
tenn,ten
tenthes,tenths
tenthounsanths,ten thousandths
tenthousenths,ten thousandths
tents,tenths
termm,term
tern,term
tern=ms,terms
tge,the
tgen,then
tgink,think
tgis,this
th3,the
tha,the
tha5s,that's
thah,than
tham,than
thankyou,thank you
thann,than
thant,that
thar,that
thare,there
tharv,that
that s,that's
thatch,that's
thatd,that's
thatll,that'll
thats,that's
thatt,that
thaught,thought
thay,they
thayt,that
the1,the 1
the3,the 3
the8,the 8
thean,than
theath,the
theb,then
thecfravtion,the fraction
thecommon,the common
thedecimal,the decimal
theee,there
theends,the ends
theerefore,therefore
theese,these
theiir,their
theird,there are
theirr,their
theirs,there's
thej,them
themail,them all
theme,them
themm,them
then2,than 2
then9,than 9
thena,then
thenflip,then flip
thenm,them
thenn,then
thenth,tenth
thenths,tenths
thentimes,then times
thera,there
therd,third
therds,thirds
there for,therefore
there fore,therefore
thereare,there are
theree,there
therefo4e,therefore
therefor,therefore
therefour,therefore
thereis,there is
therer,there
theres,there's
theress,there's
therfore,therefore
therm,them
therr,there
therres,there's
therson,version
therty,thirty
therum,theorem
thes,then
theses,these
thet,they
thete,there
thetes,there's
thetis,tenths
thets,that's
thew,the
thewse,these
thex,them
theyre,they're
theyy,they
thezeros,the zeros
thgat,that
thgen,then
thgey,they
thhe,the
thid,this
thids,thirds
thie,this
thier,their
thiink,think
thijk,think
thik,think
thimk,think
thimn,think
thin k,think
thin kit,think it
thin,think
thingss,things
thinig,think
thinkd,think
thinki,think
thinkimg,thinking
thinkk,think
thinkn,think
thinkt,think
thinkthis,think this
thirdd,third
thirdss,thirds
thired,third
thirs,third
thirtyth,thirtieth
thirtyths,thirtieths
thirty’s,thirtieths
thiss,this
thitd,third
thiths,thirds
thiught,thought
thme,them
thn,then
thne,the
thnk,think
thoes,those
thonk,think
thos,this
thosee,those
thoughtt,thought
thougt,thought
thousadnths,thousandths
thousanths,thousandths
thouseth,thousandth
thousnths,thousandths
thre,three
threed,three
threee,three
threeee,three
three’s,threes
threr,three
threre,there
thres,three
thrid,third
thrm,them
thrn,then
thry,they
thsn,than
thst,that
tht,that
thta,that
thts,that's
thtythnjth,twenty-fourth
thunk,think
thuoght,thought
thw,the
thwe,the
thye,the
thyen,then
thé,the
thınk,think
ti es,times
tiemes2,times 2
ties,times
tihink,think
tihrds,thirds
tiime,time
tiis,this
tim,times
tim es,times
tim s,times
time s,times
time's,times
time9,times
timeas,times
timed's,times
timedd,timed
timeds,timed
timee,times
timeing,timing
timemed,times
timems,times
times',times
times-ed,multiplied
timesd,times
timesed,multiplied
timesedd,multiplied
timesing,multiplying
timess,times
timestable,timetable
timetimes,times
timews,times
timez,times
timezed,times
timezt,times
timidness,times
timised,times
timising,multiplying
timke,time
timmes,times
timnes,times
timr,time
timrs,times
tims,times
timse,times
timsed,multiplied
timsing,multiplying
timst,times
timxed,times
timze,times
timzed,times
tinee,times
tines,times
tink,think
tins,times
tird,third
tis,this
tising,dividing
tiᗰeᔕ,times
tje,the
tjen,then
tjink,think
tl2,two
tmes,times
tmies,times
to gether,together
to!ecthe,to select the
to3,to 3
to6,to 6
toadd,to add
toatle,total
todo,to do
togeather,together
togeheter,together
togereg,together
togerther,together
toget,to get
togeter,together
togethe,together
together5,together
togethere,together
togetherr,together
togethor,together
togever,together
togher,together
togheteher,together
togheter,together
toghether,together
toghever,together
toghrther,together
toghter,together
toghther,together
togther,together
toke,took
toliet,toilet
toltl,total
tom,top
tomes,times
ton,to
took9,took 9
tookaway,took away
tooken,taken
tookk,took
tooo,too
toooo,too
tope,top
topp,top
torte,taught
totak,total
totall,total
totle,total
totsl,total
tou,you
tougher,together
tought,thought
toy,to
tp,to
tpo,to
traglie,triangle
traiagle,triangle
traiangles,triangles
trail,trial
traingle,triangle
traingles,triangles
tranangls,triangles
trangile,triangle
trangle,triangle
trangles,triangles
translater,translator
trayangels,triangles
tree,three
trhat,that
trhere,there
trhrre,there
tri,triangle
tri angels,triangles
triabgles,triangles
triagles,triangles
triagnles,triangles
triamgle,triangle
triamgles,triangles
triangales,triangles
triangals,triangles
triangel,triangle
triangels,triangles
trianges,triangles
triangess,triangles
triangkes,triangles
triangl,triangle
triangle s,triangles
triangled,triangles
trianglee,triangle
triangless,triangles
trianglrs,triangles
triangls,triangles
triangols,triangles
trieangle,triangle
triedd,tried
trigals,triangles
trigle,triangle
trinagle,triangle
trinagles,triangles
trinangles,triangles
tringales,triangles
tringals,triangles
tringle,triangle
tringles,triangles
tringless,triangles
triongl,triangle
triplee,triple
tris,triangles
trni,turn
troimes,times
trough,through
truangles,triangles
trued,tried
try-angle,triangle
try-angles,triangles
tryangals,triangles
tryangels,triangles
tryangle,triangle
tryangles,triangles
tryed,tried
tryingg,trying
tsble,table
tske,take
tthe,the
tthink,think
tuck,took
tue,the
tumes,times
turna,turns
turnedd,turned
turnss,turns
twelfh,twelfth
twelth,twelfth
twelthe,twelfth
twelths,twelfths
twelves,twelfths
twelvith,twelfth
twelvth,twelfth
twentyfour,twenty-four
tweny,twenty
twi,two
twoes,twos
twoo,two
twoy,two y
ty,they
tye,the
tyen,then
tyhen,then
tyo,to
typicallyy,typically
t̥ͦi̥ͦm̥ͦe̥ͦs̥ͦ,times
tᕼe,the
tᕼeᑎ,then
ubove,above
udder,under
uded,used
uderstand,understand
uesd,used
uf,if
ull,you'll
umarater,numerator
umber,number
umbers,numbers
umlikely,unlikely
umproper,improper
un shaded,unshaded
unan,unknown
under neath,underneath
understan,understand
understandd,understand
understond,understand
understsnd,understand
undestand,understand
undhaded,unshaded
undr,under
unite,unit
unites,units
uniths,units
unkikely,unlikely
unlickely,unlikely
unlikelyto,unlikely to
unlikelyy,unlikely
unlikley,unlikely
unlikly,unlikely
unllikely,unlikely
unncessary,unnecessary
unshadded,unshaded
unshadedd,unshaded
uo,up
uou,you
upto,up to
upwith,up with
usedd,used
usee,use
useing,using
usewd,used
usingg,using
usrd,used
ust,just
ustas,just as
usualy,usually
usul,usual
ut,it
uthers,others
uts,its
vaariable,variable
vairified,verified
vake,cake
vakue,value
valaue,value
vale,value
valuee,value
van,can
ver,give
verrtical,vertical
verry,very
verticaly,vertically
veryy,very
vey,very
vic versa,vice versa
vise,vice
vlose,close
vlosest,closest
vorrect,correct
vould,would
vslue,value
w erdived,we derived
wa,was
wad,was
wae,way
waere,were
wahat,what
wail,will
wan,want
wanat,want
wandrr,answer
wans,ones
wap,swap
wark,work
wasen't,wasn't
wasnt,wasn't
wasn’ t,wasn't
wass,was
wat,what
watermelone,watermelon
waw,was
waying,away
wayte,white
wbich,which
wby,by
weather,whether
wen,when
wentt,went
werc,work
were as,whereas
weree,were
werent,weren't
werks,works
wern't,weren't
wernt,weren't
wether,whether
wh,why
wharas,whereas
what ever,whatever
whatevers,whatever's
whats,what's
whats ever,whatever
whatsin,what's in
whatt,what
whch,which
whcih,which
whdd,when
whe,when
whem,when
whenn,when
whent,went
whenu,when you
wher,where
where as,whereas
wheree,were
wheress,whereas
whiach,which
whice,which
whichh,which
whichis,which is
whick,which
whih,which
whiles,wholes
whit,white
whitch,which
whitchurch,which
whiteborb,whiteboard
whitebord,whiteboard
whitee,white
whith,with
whivh,which
who h,which
whoel,whole
whoke,whole
whol,whole
whol;e,whole
wholee,whole
wholel,whole
wholess,wholes
wholr,whole
whould,would
whst,what
whuch,which
wic,which
wich,which
wight,white
wihich,which
wikl,will
wil,will
wilk,will
willbe,will be
willgive,will give
willl,will
wirk,work
wirth,worth
wish,which
wit,with
witch,which
witchh,which
wite,white
with out,without
withe,with
withh,with
withouth,without
witht,with
wiuld,would
wn,one
wo,to
wocker,worked
woked,worked
woks,works
wold,would
won',won't
won'at,won't
won'd,won't
wons,ones
wood,would
woould,would
wordss,words
worhing,working
workedd,worked
workes,works
workingg,working
workk,work
workout,work out
workss,works
world,would
worths,worth
wot,what
woud,would
woudent,wouldn't
woudl,would
woukd,would
woul,would
wouldd,would
wouldnt,wouldn't
wouldve,would've
woyuld,would
wright,right
writee,write
wrongg,wrong
wroot,wrote
wshape,shape
wss,was
wth,with
wud,would
wuld,would
wull,will
wuth,with
wy,why
xan,can
xby,by
xhange,change
ximplify,simplify
xing,multiplying
xit,x it
y ou,you
ye,you
yellowwww,yellow
yelow,yellow
yey,the
yhat,that
yhe,the
yhis,this
yiou,you
yiu,you
yiur,your
yku,you
yn,in
yon,you
yoou,you
yopu,you
you'er,you're
you`re,your
youalready,you already
youare,you are
youcan,you can
youd,you'd
youget,you get
youhave,you have
youi,you
youll,you'll
youn,you
yourr,your
yous,used
yoused,used
youst,used
yout,you
youtimes,you times
youu,you
youve,you've
yoy,you
yoᑌ,you
ypou,you
ypu,you
ys,y's
yu,you
yuo,you
yur,your
yw,is
ze,the
zero's,zeros
zeross,zeros
×ed,multiplied
är,are
î,i
šëñśę,sense
ɖ ცɛƈąųʂɛ,d because
ᑎᑌᗰeᖇᗩtoᖇ,numerator
ᕼᗩᐯe,have
ᖴiᖇᔕt,first
ᗩᑎᔕᗯeᖇ,answer
ᗩᑎᗪ,and
ᗪeᑎoᗰiᑎᗩtoᖇ,denominator
ᗪiᐯiᗪe,divide
ᗪo,do
ᗯᕼiᑕᕼ,which
ᗷy,by
ḁͦn̥ͦd̥ͦ,and
ad,add
aloud,allowed
ands,and
apropriout,appropriate
ballets,balls
bracts,brackets
bt,by
bu,by
causes,because
coeloms,columns
colmenn,column
colons,columns
column's,columns
coulor,color
curtain,certain
decahedron,decagon
decimated,decimal
demonstrators,denominators
denomer,denominator
denomination,denominator
denominations,denominators
directing,direction
dominant,denominator
dominate,denominator
dominater,denominator
dominator,denominator
don,down
don;,don't
dotting,dot
dum,sum
elbow,yellow
equivalency,equivalent
equlivilante,equivalent
expsin,explain
fount,found
gever,given
ggest,greatest
gif,give
goung,going
haded,shaded
halting,halving
hanged,changed
impodable,impossible
imposable,impossible
ine,one
isn',isn't
live,leave
luke,like
mine,nine
mk,make
nabers,numbers
neatest,nearest
net,not
nines,ninths
ninth's,ninths
ninthd,ninths
nit,not
nominations,numerators
numb,number
pat,part
pluses,adds
posit,positive
proportionate,proportional
rely,really
shadey,shaded
shading,shaded
shadowed,shaded
shaped,shaded
simplistic,simplest
sine,sign
sized,sides
srctions,fractions
strait,straight
swop,swap
thee,the
thr,the
thrre,three
tiger,figure
tip,top
togehter,together
tow,two
unto,into
ur,your
werk,work
wheras,whereas
wll,wall
wont,won't
wound,would